scenario,max_steer_rad,car,ok,airtimeS,finished,forwardSpeed,gatesPassed,headingChangeDeg,height,landings,lapsCompleted,lateralDrift,legalProgressM,maxPitchDeg,maxRollDeg,maxRouteOffsetM,maxSlipDeg,maxSpeed,maxYawRateDegS,minUpY,progressM,rebounds,recoveries,routeOffsetM,speed,travel,upY,wheelsInContact,wrecks
authority,0.35,0,true,0.0083,0.0000,5.2533,0.0000,14.1691,0.0077,0.0000,0.0000,1.8084,0.0000,0.3393,1.4915,4.0001,15.9158,5.2537,30.2861,0.9997,7.2718,0.0000,0.0000,2.1916,5.2537,7.4933,1.0000,4.0000,0.0000
authority,0.35,1,true,0.0083,0.0000,13.6392,0.0000,24.3137,0.0076,0.0000,0.0000,7.1496,0.0000,0.5041,6.2697,7.1496,12.2801,15.0000,65.3152,0.9940,19.6024,0.0000,0.0000,7.1496,13.6400,20.8656,1.0000,4.0000,0.0000
authority,0.35,2,true,0.0083,0.0000,26.9652,0.0000,14.4405,0.0076,0.0000,0.0000,8.4774,0.0000,0.8414,6.9517,12.4774,8.9995,30.0000,35.5194,0.9926,41.2027,0.0000,0.0000,12.4774,26.9685,42.0658,0.9999,4.0000,0.0000
authority,0.45,0,true,0.0083,0.0000,5.0290,0.0000,17.2296,0.0077,0.0000,0.0000,2.0945,0.0000,0.3383,1.8332,4.0001,20.7108,5.0294,37.7047,0.9995,6.8557,0.0000,0.0000,1.9055,5.0294,7.1686,1.0000,4.0000,0.0000
authority,0.45,1,true,0.0083,0.0000,13.3735,0.0000,24.1910,0.0076,0.0000,0.0000,6.9822,0.0000,0.5026,6.1752,6.9822,15.8663,15.0000,65.2627,0.9942,19.2846,0.0000,0.0000,6.9822,13.3743,20.5096,1.0000,4.0000,0.0000
authority,0.45,2,true,0.0083,0.0000,26.7937,0.0000,14.3202,0.0076,0.0000,0.0000,8.3583,0.0000,0.8404,6.8642,12.3583,11.6065,30.0000,35.2188,0.9928,40.9929,0.0000,0.0000,12.3583,26.7971,41.8364,0.9999,4.0000,0.0000
authority,0.55,0,true,0.0083,0.0000,4.7890,0.0000,19.4221,0.0077,0.0000,0.0000,2.2398,0.0000,0.3372,2.0518,4.0001,25.5111,5.0000,43.4107,0.9994,6.4438,0.0000,0.0000,1.7602,4.7894,6.8220,1.0000,4.0000,0.0000
authority,0.55,1,true,0.0083,0.0000,13.1001,0.0000,23.9543,0.0077,0.0000,0.0000,6.7826,0.0000,0.5012,6.0529,6.7826,19.4533,15.0000,64.9293,0.9944,18.9695,0.0000,0.0000,6.7826,13.1009,20.1456,1.0000,4.0000,0.0000
authority,0.55,2,true,0.0083,0.0000,26.6179,0.0000,14.1279,0.0076,0.0000,0.0000,8.2065,0.0000,0.8395,6.7593,12.2065,14.2137,30.0000,34.8426,0.9930,40.7851,0.0000,0.0000,12.2065,26.6212,41.6026,0.9999,4.0000,0.0000
authority,0.65,0,true,0.0083,0.0000,4.5090,0.0000,21.0790,0.0077,0.0000,0.0000,2.2862,0.0000,0.3360,2.2114,4.0001,30.4192,5.0000,48.2580,0.9992,6.0009,0.0000,0.0000,1.7138,4.5093,6.4216,1.0000,4.0000,0.0000
authority,0.65,1,true,0.0083,0.0000,12.8203,0.0000,23.5947,0.0077,0.0000,0.0000,6.5510,0.0000,0.4997,5.9016,6.5510,23.0413,15.0000,64.2821,0.9947,18.6587,0.0000,0.0000,6.5510,12.8211,19.7753,1.0000,4.0000,0.0000
authority,0.65,2,true,0.0083,0.0000,26.4446,0.0000,13.9318,0.0076,0.0000,0.0000,8.0469,0.0000,0.8385,6.6364,12.0469,16.8211,30.0000,34.3487,0.9933,40.5821,0.0000,0.0000,12.0469,26.4479,41.3722,0.9999,4.0000,0.0000
authority,0.75,0,true,0.0083,0.0000,4.1915,0.0000,22.1526,0.0077,0.0000,0.0000,2.2389,0.0000,0.4477,2.3101,4.0001,35.6609,5.0000,52.0845,0.9992,5.5369,0.0000,0.0000,1.7611,4.1918,5.9724,1.0000,4.0000,0.0000
authority,0.75,1,true,0.0083,0.0000,12.5349,0.0000,23.1057,0.0077,0.0000,0.0000,6.2882,0.0000,0.4983,5.7215,6.2882,26.6302,15.0000,63.2883,0.9950,18.3532,0.0000,0.0000,6.2882,12.5357,19.4005,1.0000,4.0000,0.0000
authority,0.75,2,true,0.0083,0.0000,26.2768,0.0000,13.6313,0.0076,0.0000,0.0000,7.8379,0.0000,0.8377,6.4893,11.8379,19.4287,30.0000,33.7443,0.9936,40.3974,0.0000,0.0000,11.8379,26.2801,41.1507,0.9999,4.0000,0.0000
