car,time_to_70m_s,landing_up_y,end_speed_mps
none,5.55,0.763,23.87
level d1=0.3 d2=0.3,5.591666666666667,0.796,23.72
level d1=0.3 d2=0.4,5.666666666666667,0.719,23.53
level d1=0.4 d2=0.3,5.466666666666667,0.889,24.12
level d1=0.4 d2=0.4,5.55,0.835,23.85
level d1=0.5 d2=0.3,5.35,0.952,24.48
level d1=0.5 d2=0.4,5.441666666666666,0.92,24.2
level d1=0.6 d2=0.3,5.4,0.985,2.54
level d1=0.6 d2=0.4,5.341666666666667,0.973,24.52
level d1=0.7 d2=0.3,5.391666666666667,0.991,24.32
level d1=0.7 d2=0.4,5.358333333333333,0.993,0.1
level d1=0.8 d2=0.3,5.375,0.973,24.4
level d1=0.8 d2=0.4,5.333333333333333,0.985,24.51
level d1=0.9 d2=0.3,5.35,0.936,24.46
level d1=0.9 d2=0.4,5.341666666666667,0.952,24.5
over d1=1.0,5.533333333333333,0.901,23.91
over d1=1.2,5.741666666666666,0.744,23.31
over d1=1.4,5.958333333333333,0.627,22.67
over d1=1.6,6.033333333333333,0.618,22.61
