car,time_to_110m_s,end_speed_mps
plain,12.033333333333333,16.4
drift 3.3s for 0.5s,DNF,11.53
boost-only after 3.80s,DNF,9.47
drift 3.3s for 1.0s,DNF,11.3
boost-only after 4.30s,DNF,11.45
drift 3.3s for 1.5s,13.025,12.05
boost-only after 4.80s,12.258333333333333,14.58
drift 3.3s for 2.0s,13.816666666666666,6.9
boost-only after 5.30s,DNF,8.47
drift 3.3s for 2.852s,DNF,1.15
boost-only after 6.15s,DNF,4.98
drift 3.9s for 0.5s,DNF,11.72
boost-only after 4.40s,DNF,0.06
drift 3.9s for 1.0s,12.716666666666667,13.21
boost-only after 4.90s,12.666666666666666,13.24
drift 3.9s for 1.5s,DNF,1.15
boost-only after 5.40s,DNF,5.29
drift 3.9s for 2.0s,DNF,0.05
boost-only after 5.90s,13.375,12.05
drift 3.9s for 2.852s,DNF,0.06
boost-only after 6.75s,DNF,0.11
drift 4.491s for 0.5s,13.916666666666666,5.24
boost-only after 4.99s,DNF,8.39
drift 4.491s for 1.0s,DNF,5.15
boost-only after 5.49s,12.533333333333333,14.76
drift 4.491s for 1.5s,12.566666666666666,15.29
boost-only after 5.99s,DNF,1.71
drift 4.491s for 2.0s,12.566666666666666,0.2
boost-only after 6.49s,DNF,5.58
drift 4.491s for 2.852s,9.858333333333333,11.14
boost-only after 7.34s,9.85,11.09
