wheelie_launch_reward,entry_mps,car,time_to_40m_s,end_speed_mps
0.0,0,plain,4.083333333333333,25.25
0.0,0,hold0.20,4.358333333333333,24.69
0.0,0,hold0.30,4.508333333333334,24.39
0.0,0,hold0.34,4.566666666666666,24.26
0.0,0,hold0.35,4.466666666666667,24.51
0.0,0,hold0.40,4.541666666666667,24.35
0.0,0,hold0.60,4.841666666666667,23.71
0.0,0,hold0.90,5.308333333333334,22.71
0.0,0,hold1.15,5.7,21.83
0.0,8,plain,2.9,28.05
0.0,8,hold0.20,3.3333333333333335,26.87
0.0,8,hold0.30,3.5833333333333335,26.24
0.0,8,hold0.34,3.683333333333333,25.98
0.0,8,hold0.35,3.6166666666666667,26.2
0.0,8,hold0.40,3.7416666666666667,25.88
0.0,8,hold0.60,4.266666666666667,24.63
0.0,8,hold0.90,4.691666666666666,23.65
0.0,8,hold1.15,5.05,22.81
0.5,0,plain,4.083333333333333,25.25
0.5,0,hold0.20,4.358333333333333,24.69
0.5,0,hold0.30,4.508333333333334,24.39
0.5,0,hold0.34,4.566666666666666,24.26
0.5,0,hold0.35,4.225,25.03
0.5,0,hold0.40,4.266666666666667,24.96
0.5,0,hold0.60,4.558333333333334,24.36
0.5,0,hold0.90,5.0,23.42
0.5,0,hold1.15,5.375,22.61
0.5,8,plain,2.9,28.05
0.5,8,hold0.20,3.3333333333333335,26.87
0.5,8,hold0.30,3.5833333333333335,26.24
0.5,8,hold0.34,3.683333333333333,25.98
0.5,8,hold0.35,3.2,27.34
0.5,8,hold0.40,3.2583333333333333,27.2
0.5,8,hold0.60,3.7333333333333334,25.99
0.5,8,hold0.90,4.141666666666667,25.08
0.5,8,hold1.15,4.483333333333333,24.29
1.0,0,plain,4.083333333333333,25.25
1.0,0,hold0.20,4.358333333333333,24.69
1.0,0,hold0.30,4.508333333333334,24.39
1.0,0,hold0.34,4.566666666666666,24.26
1.0,0,hold0.35,4.0,25.56
1.0,0,hold0.40,4.008333333333334,25.57
1.0,0,hold0.60,4.291666666666667,24.98
1.0,0,hold0.90,4.725,24.08
1.0,0,hold1.15,5.1,23.29
1.0,8,plain,2.9,28.05
1.0,8,hold0.20,3.3333333333333335,26.87
1.0,8,hold0.30,3.5833333333333335,26.24
1.0,8,hold0.34,3.683333333333333,25.98
1.0,8,hold0.35,2.8333333333333335,28.49
1.0,8,hold0.40,2.841666666666667,28.53
1.0,8,hold0.60,3.275,27.36
1.0,8,hold0.90,3.658333333333333,26.51
1.0,8,hold1.15,3.9916666666666667,25.77
1.5,0,plain,4.083333333333333,25.25
1.5,0,hold0.20,4.358333333333333,24.69
1.5,0,hold0.30,4.508333333333334,24.39
1.5,0,hold0.34,4.566666666666666,24.26
1.5,0,hold0.35,3.783333333333333,26.08
1.5,0,hold0.40,3.7583333333333333,26.17
1.5,0,hold0.60,4.041666666666667,25.61
1.5,0,hold0.90,4.475,24.73
1.5,0,hold1.15,4.833333333333333,23.97
1.5,8,plain,2.9,28.05
1.5,8,hold0.20,3.3333333333333335,26.87
1.5,8,hold0.30,3.5833333333333335,26.24
1.5,8,hold0.34,3.683333333333333,25.98
1.5,8,hold0.35,2.533333333333333,29.64
1.5,8,hold0.40,2.5083333333333333,29.85
1.5,8,hold0.60,2.8916666666666666,28.73
1.5,8,hold0.90,3.2666666666666666,27.94
1.5,8,hold1.15,3.5833333333333335,27.26
2.0,0,plain,4.083333333333333,25.25
2.0,0,hold0.20,4.358333333333333,24.69
2.0,0,hold0.30,4.508333333333334,24.39
2.0,0,hold0.34,4.566666666666666,24.26
2.0,0,hold0.35,3.575,26.61
2.0,0,hold0.40,3.533333333333333,26.78
2.0,0,hold0.60,3.808333333333333,26.23
2.0,0,hold0.90,4.233333333333333,25.38
2.0,0,hold1.15,4.591666666666667,24.65
2.0,8,plain,2.9,28.05
2.0,8,hold0.20,3.3333333333333335,26.87
2.0,8,hold0.30,3.5833333333333335,26.24
2.0,8,hold0.34,3.683333333333333,25.98
2.0,8,hold0.35,2.275,30.79
2.0,8,hold0.40,2.2333333333333334,31.18
2.0,8,hold0.60,2.5833333333333335,30.09
2.0,8,hold0.90,2.941666666666667,29.36
2.0,8,hold1.15,3.2416666666666667,28.74
