tuning,entry_mps,car,time_to_40m_s,end_speed_mps
gain0.15_lift1500 (before),0,plain,4.083333333333333,25.25
gain0.15_lift1500 (before),0,hold0.20,4.358333333333333,24.69
gain0.15_lift1500 (before),0,hold0.30,4.508333333333334,24.39
gain0.15_lift1500 (before),0,hold0.34,4.566666666666666,24.26
gain0.15_lift1500 (before),0,hold0.35,4.466666666666667,24.51
gain0.15_lift1500 (before),0,hold0.36,4.475,24.48
gain0.15_lift1500 (before),0,hold0.38,4.516666666666667,24.4
gain0.15_lift1500 (before),0,hold0.42,4.566666666666666,24.3
gain0.15_lift1500 (before),0,hold0.60,4.841666666666667,23.71
gain0.15_lift1500 (before),0,hold0.90,5.308333333333334,22.71
gain0.15_lift1500 (before),0,hold1.15,5.7,21.83
gain0.15_lift1500 (before),8,plain,2.9,28.05
gain0.15_lift1500 (before),8,hold0.20,3.3333333333333335,26.87
gain0.15_lift1500 (before),8,hold0.30,3.5833333333333335,26.24
gain0.15_lift1500 (before),8,hold0.34,3.683333333333333,25.98
gain0.15_lift1500 (before),8,hold0.35,3.6166666666666667,26.2
gain0.15_lift1500 (before),8,hold0.36,3.6333333333333333,26.14
gain0.15_lift1500 (before),8,hold0.38,3.7,25.98
gain0.15_lift1500 (before),8,hold0.42,3.7916666666666665,25.77
gain0.15_lift1500 (before),8,hold0.60,4.266666666666667,24.63
gain0.15_lift1500 (before),8,hold0.90,4.691666666666666,23.65
gain0.15_lift1500 (before),8,hold1.15,5.05,22.81
gain1.0_lift1250,0,plain,4.083333333333333,25.25
gain1.0_lift1250,0,hold0.20,4.358333333333333,24.69
gain1.0_lift1250,0,hold0.30,4.508333333333334,24.39
gain1.0_lift1250,0,hold0.34,4.566666666666666,24.26
gain1.0_lift1250,0,hold0.35,3.8833333333333333,26.04
gain1.0_lift1250,0,hold0.36,3.9,26.02
gain1.0_lift1250,0,hold0.38,3.933333333333333,25.95
gain1.0_lift1250,0,hold0.42,3.9833333333333334,25.85
gain1.0_lift1250,0,hold0.60,4.3,25.18
gain1.0_lift1250,0,hold0.90,4.833333333333333,24.02
gain1.0_lift1250,0,hold1.15,5.283333333333333,23.0
gain1.0_lift1250,8,plain,2.9,28.05
gain1.0_lift1250,8,hold0.20,3.3333333333333335,26.87
gain1.0_lift1250,8,hold0.30,3.5833333333333335,26.24
gain1.0_lift1250,8,hold0.34,3.691666666666667,25.97
gain1.0_lift1250,8,hold0.35,3.158333333333333,27.71
gain1.0_lift1250,8,hold0.36,3.175,27.66
gain1.0_lift1250,8,hold0.38,3.2333333333333334,27.51
gain1.0_lift1250,8,hold0.42,3.308333333333333,27.3
gain1.0_lift1250,8,hold0.60,3.7416666666666667,26.21
gain1.0_lift1250,8,hold0.90,4.141666666666667,25.31
gain1.0_lift1250,8,hold1.15,4.483333333333333,24.54
gain1.5_lift1000,0,plain,4.083333333333333,25.25
gain1.5_lift1000,0,hold0.20,4.358333333333333,24.69
gain1.5_lift1000,0,hold0.30,4.508333333333334,24.39
gain1.5_lift1000,0,hold0.34,4.566666666666666,24.26
gain1.5_lift1000,0,hold0.35,3.591666666666667,26.95
gain1.5_lift1000,0,hold0.36,3.6,26.92
gain1.5_lift1000,0,hold0.38,3.6333333333333333,26.86
gain1.5_lift1000,0,hold0.42,3.683333333333333,26.76
gain1.5_lift1000,0,hold0.60,4.016666666666667,26.04
gain1.5_lift1000,0,hold0.90,4.591666666666667,24.77
gain1.5_lift1000,0,hold1.15,5.058333333333334,23.69
gain1.5_lift1000,8,plain,2.9,28.05
gain1.5_lift1000,8,hold0.20,3.3333333333333335,26.87
gain1.5_lift1000,8,hold0.30,3.5833333333333335,26.24
gain1.5_lift1000,8,hold0.34,3.691666666666667,25.97
gain1.5_lift1000,8,hold0.35,2.933333333333333,28.59
gain1.5_lift1000,8,hold0.36,2.95,28.54
gain1.5_lift1000,8,hold0.38,3.0083333333333333,28.39
gain1.5_lift1000,8,hold0.42,3.075,28.19
gain1.5_lift1000,8,hold0.60,3.475,27.13
gain1.5_lift1000,8,hold0.90,3.875,26.24
gain1.5_lift1000,8,hold1.15,4.216666666666667,25.49
gain1.75_lift850 (chosen),0,plain,4.083333333333333,25.25
gain1.75_lift850 (chosen),0,hold0.20,4.358333333333333,24.69
gain1.75_lift850 (chosen),0,hold0.30,4.508333333333334,24.38
gain1.75_lift850 (chosen),0,hold0.34,4.566666666666666,24.26
gain1.75_lift850 (chosen),0,hold0.35,3.45,27.4
gain1.75_lift850 (chosen),0,hold0.36,3.466666666666667,27.38
gain1.75_lift850 (chosen),0,hold0.38,3.5,27.31
gain1.75_lift850 (chosen),0,hold0.42,3.5416666666666665,27.22
gain1.75_lift850 (chosen),0,hold0.60,3.8916666666666666,26.44
gain1.75_lift850 (chosen),0,hold0.90,4.466666666666667,25.16
gain1.75_lift850 (chosen),0,hold1.15,4.858333333333333,24.33
gain1.75_lift850 (chosen),8,plain,2.9,28.05
gain1.75_lift850 (chosen),8,hold0.20,3.3333333333333335,26.87
gain1.75_lift850 (chosen),8,hold0.30,3.5833333333333335,26.24
gain1.75_lift850 (chosen),8,hold0.34,3.691666666666667,25.97
gain1.75_lift850 (chosen),8,hold0.35,2.8333333333333335,29.03
gain1.75_lift850 (chosen),8,hold0.36,2.85,28.98
gain1.75_lift850 (chosen),8,hold0.38,2.908333333333333,28.83
gain1.75_lift850 (chosen),8,hold0.42,2.975,28.63
gain1.75_lift850 (chosen),8,hold0.60,3.3583333333333334,27.59
gain1.75_lift850 (chosen),8,hold0.90,3.75,26.72
gain1.75_lift850 (chosen),8,hold1.15,4.075,26.01
gain2.0_lift760,0,plain,4.083333333333333,25.25
gain2.0_lift760,0,hold0.20,4.358333333333333,24.69
gain2.0_lift760,0,hold0.30,4.508333333333334,24.38
gain2.0_lift760,0,hold0.34,4.566666666666666,24.26
gain2.0_lift760,0,hold0.35,3.325,27.85
gain2.0_lift760,0,hold0.36,3.3333333333333335,27.83
gain2.0_lift760,0,hold0.38,3.375,27.75
gain2.0_lift760,0,hold0.42,3.475,27.44
gain2.0_lift760,0,hold0.60,3.7666666666666666,26.87
gain2.0_lift760,0,hold0.90,4.316666666666666,25.66
gain2.0_lift760,0,hold1.15,4.708333333333333,24.82
gain2.0_lift760,8,plain,2.9,28.05
gain2.0_lift760,8,hold0.20,3.3333333333333335,26.87
gain2.0_lift760,8,hold0.30,3.5833333333333335,26.23
gain2.0_lift760,8,hold0.34,3.691666666666667,25.97
gain2.0_lift760,8,hold0.35,2.7416666666666667,29.47
gain2.0_lift760,8,hold0.36,2.7583333333333333,29.42
gain2.0_lift760,8,hold0.38,2.808333333333333,29.27
gain2.0_lift760,8,hold0.42,2.875,29.07
gain2.0_lift760,8,hold0.60,3.25,28.04
gain2.0_lift760,8,hold0.90,3.65,27.14
gain2.0_lift760,8,hold1.15,5.308333333333334,21.83
